StartDate,EndDate,Status,IPAddress,Progress,Duration (in seconds),Finished,RecordedDate,ResponseId,RecipientLastName,RecipientFirstName,RecipientEmail,ExternalReference,LocationLatitude,LocationLongitude,DistributionChannel,UserLanguage,QID4,QID2_1,QID2_2,QID2_3,QID2_4,QID2_5,QID2_6,QID2_7,QID2_8,QID2_9,QID2_10,QID2_11,QID2_12,QID2_13,QID2_14,QID2_15,QID2_16,QID2_17,QID2_18,QID2_19,QID2_20,QID2_21,QID2_22,QID2_23,QID2_24,QID2_25,QID2_26,QID2_27,QID2_28,QID2_29,QID2_30,QID2_31,QID2_32,QID2_33,QID2_34,QID2_35,QID2_36,QID2_37,QID2_38,QID2_39,QID2_40,QID2_41,QID2_42,QID2_43
Start Date,End Date,Response Type,IP Address,Progress,Duration (in seconds),Finished,Recorded Date,Response ID,Recipient Last Name,Recipient First Name,Recipient Email,External Data Reference,Location Latitude,Location Longitude,Distribution Channel,User Language,Please enter your Participant ID here.,"The questions below are about different experiences and personality traits that people can have. 
Like everyone else, you might identify with some of these statements or not. For each statement, please indicate whether it applies to you by selecting ""Yes"" or ""No"" in the columns on the right. - When in the dark do you often see shapes and forms even though there is nothing there?","The questions below are about different experiences and personality traits that people can have. 
Like everyone else, you might identify with some of these statements or not. For each statement, please indicate whether it applies to you by selecting ""Yes"" or ""No"" in the columns on the right. - Are your thoughts sometimes so strong that you can almost hear them?","The questions below are about different experiences and personality traits that people can have. 
Like everyone else, you might identify with some of these statements or not. For each statement, please indicate whether it applies to you by selecting ""Yes"" or ""No"" in the columns on the right. - Have you ever thought that you had special, almost magical powers?","The questions below are about different experiences and personality traits that people can have. 
Like everyone else, you might identify with some of these statements or not. For each statement, please indicate whether it applies to you by selecting ""Yes"" or ""No"" in the columns on the right. - Have you sometimes sensed an evil presence around you, even though you could not see it?","The questions below are about different experiences and personality traits that people can have. 
Like everyone else, you might identify with some of these statements or not. For each statement, please indicate whether it applies to you by selecting ""Yes"" or ""No"" in the columns on the right. - Do you think that you could learn to read other’s minds if you wanted to?","The questions below are about different experiences and personality traits that people can have. 
Like everyone else, you might identify with some of these statements or not. For each statement, please indicate whether it applies to you by selecting ""Yes"" or ""No"" in the columns on the right. - When you look in the mirror does your face sometimes seem quite different from usual?","The questions below are about different experiences and personality traits that people can have. 
Like everyone else, you might identify with some of these statements or not. For each statement, please indicate whether it applies to you by selecting ""Yes"" or ""No"" in the columns on the right. - Do ideas and insights sometimes come to you so fast that you cannot express them all?","The questions below are about different experiences and personality traits that people can have. 
Like everyone else, you might identify with some of these statements or not. For each statement, please indicate whether it applies to you by selecting ""Yes"" or ""No"" in the columns on the right. - Can some people make you aware of them just by thinking about you?","The questions below are about different experiences and personality traits that people can have. 
Like everyone else, you might identify with some of these statements or not. For each statement, please indicate whether it applies to you by selecting ""Yes"" or ""No"" in the columns on the right. - Does a passing thought ever seem so real it frightens you?","The questions below are about different experiences and personality traits that people can have. 
Like everyone else, you might identify with some of these statements or not. For each statement, please indicate whether it applies to you by selecting ""Yes"" or ""No"" in the columns on the right. - Do you feel that your accidents are caused by mysterious forces?","The questions below are about different experiences and personality traits that people can have. 
Like everyone else, you might identify with some of these statements or not. For each statement, please indicate whether it applies to you by selecting ""Yes"" or ""No"" in the columns on the right. - Do you ever have a sense of vague danger or sudden dread for reasons that you do not understand?","The questions below are about different experiences and personality traits that people can have. 
Like everyone else, you might identify with some of these statements or not. For each statement, please indicate whether it applies to you by selecting ""Yes"" or ""No"" in the columns on the right. - Does your sense of smell sometimes become unusually strong?","The questions below are about different experiences and personality traits that people can have. 
Like everyone else, you might identify with some of these statements or not. For each statement, please indicate whether it applies to you by selecting ""Yes"" or ""No"" in the columns on the right. - Are you easily confused if too much happens at the same time?","The questions below are about different experiences and personality traits that people can have. 
Like everyone else, you might identify with some of these statements or not. For each statement, please indicate whether it applies to you by selecting ""Yes"" or ""No"" in the columns on the right. - Do you frequently have difficulty in starting to do things?","The questions below are about different experiences and personality traits that people can have. 
Like everyone else, you might identify with some of these statements or not. For each statement, please indicate whether it applies to you by selecting ""Yes"" or ""No"" in the columns on the right. - Are you a person whose mood goes up and down easily?","The questions below are about different experiences and personality traits that people can have. 
Like everyone else, you might identify with some of these statements or not. For each statement, please indicate whether it applies to you by selecting ""Yes"" or ""No"" in the columns on the right. - Do you dread going into a room by yourself where other people have already gathered and are talking?","The questions below are about different experiences and personality traits that people can have. 
Like everyone else, you might identify with some of these statements or not. For each statement, please indicate whether it applies to you by selecting ""Yes"" or ""No"" in the columns on the right. - Do you find it difficult to keep interested in the same thing for a long time?","The questions below are about different experiences and personality traits that people can have. 
Like everyone else, you might identify with some of these statements or not. For each statement, please indicate whether it applies to you by selecting ""Yes"" or ""No"" in the columns on the right. - Do you often have difficulties in controlling your thoughts?","The questions below are about different experiences and personality traits that people can have. 
Like everyone else, you might identify with some of these statements or not. For each statement, please indicate whether it applies to you by selecting ""Yes"" or ""No"" in the columns on the right. - Are you easily distracted from work by daydreams?","The questions below are about different experiences and personality traits that people can have. 
Like everyone else, you might identify with some of these statements or not. For each statement, please indicate whether it applies to you by selecting ""Yes"" or ""No"" in the columns on the right. - Do you ever feel that your speech is difficult to understand because the words are all mixed up and don’t make sense?","The questions below are about different experiences and personality traits that people can have. 
Like everyone else, you might identify with some of these statements or not. For each statement, please indicate whether it applies to you by selecting ""Yes"" or ""No"" in the columns on the right. - Are you easily distracted when you read or talk to someone?","The questions below are about different experiences and personality traits that people can have. 
Like everyone else, you might identify with some of these statements or not. For each statement, please indicate whether it applies to you by selecting ""Yes"" or ""No"" in the columns on the right. - Is it hard for you to make decisions?","The questions below are about different experiences and personality traits that people can have. 
Like everyone else, you might identify with some of these statements or not. For each statement, please indicate whether it applies to you by selecting ""Yes"" or ""No"" in the columns on the right. - When in a crowded room, do you often have difficulty in following a conversation?","The questions below are about different experiences and personality traits that people can have. 
Like everyone else, you might identify with some of these statements or not. For each statement, please indicate whether it applies to you by selecting ""Yes"" or ""No"" in the columns on the right. - Are there very few things that you have ever enjoyed doing?","The questions below are about different experiences and personality traits that people can have. 
Like everyone else, you might identify with some of these statements or not. For each statement, please indicate whether it applies to you by selecting ""Yes"" or ""No"" in the columns on the right. - Are you much too independent to get involved with other people?","The questions below are about different experiences and personality traits that people can have. 
Like everyone else, you might identify with some of these statements or not. For each statement, please indicate whether it applies to you by selecting ""Yes"" or ""No"" in the columns on the right. - Do you love having your back massaged?","The questions below are about different experiences and personality traits that people can have. 
Like everyone else, you might identify with some of these statements or not. For each statement, please indicate whether it applies to you by selecting ""Yes"" or ""No"" in the columns on the right. - Do you find the bright lights of a city exciting to look at?","The questions below are about different experiences and personality traits that people can have. 
Like everyone else, you might identify with some of these statements or not. For each statement, please indicate whether it applies to you by selecting ""Yes"" or ""No"" in the columns on the right. - Do you feel very close to your friends?","The questions below are about different experiences and personality traits that people can have. 
Like everyone else, you might identify with some of these statements or not. For each statement, please indicate whether it applies to you by selecting ""Yes"" or ""No"" in the columns on the right. - Has dancing or the idea of it always seemed dull to you?","The questions below are about different experiences and personality traits that people can have. 
Like everyone else, you might identify with some of these statements or not. For each statement, please indicate whether it applies to you by selecting ""Yes"" or ""No"" in the columns on the right. - Do you like mixing with people?","The questions below are about different experiences and personality traits that people can have. 
Like everyone else, you might identify with some of these statements or not. For each statement, please indicate whether it applies to you by selecting ""Yes"" or ""No"" in the columns on the right. - Is trying new foods something you have always enjoyed?","The questions below are about different experiences and personality traits that people can have. 
Like everyone else, you might identify with some of these statements or not. For each statement, please indicate whether it applies to you by selecting ""Yes"" or ""No"" in the columns on the right. - Have you often felt uncomfortable when your friends touch you?","The questions below are about different experiences and personality traits that people can have. 
Like everyone else, you might identify with some of these statements or not. For each statement, please indicate whether it applies to you by selecting ""Yes"" or ""No"" in the columns on the right. - Do you prefer watching television to going out with people?","The questions below are about different experiences and personality traits that people can have. 
Like everyone else, you might identify with some of these statements or not. For each statement, please indicate whether it applies to you by selecting ""Yes"" or ""No"" in the columns on the right. - Do you consider yourself to be pretty much an average sort of person?","The questions below are about different experiences and personality traits that people can have. 
Like everyone else, you might identify with some of these statements or not. For each statement, please indicate whether it applies to you by selecting ""Yes"" or ""No"" in the columns on the right. - Would you like other people to be afraid of you?","The questions below are about different experiences and personality traits that people can have. 
Like everyone else, you might identify with some of these statements or not. For each statement, please indicate whether it applies to you by selecting ""Yes"" or ""No"" in the columns on the right. - Do you often feel the impulse to spend money which you know you can’t afford?","The questions below are about different experiences and personality traits that people can have. 
Like everyone else, you might identify with some of these statements or not. For each statement, please indicate whether it applies to you by selecting ""Yes"" or ""No"" in the columns on the right. - Are you usually in an average kind of mood, not too high and not too low?","The questions below are about different experiences and personality traits that people can have. 
Like everyone else, you might identify with some of these statements or not. For each statement, please indicate whether it applies to you by selecting ""Yes"" or ""No"" in the columns on the right. - Do you at times have an urge to do something harmful or shocking?","The questions below are about different experiences and personality traits that people can have. 
Like everyone else, you might identify with some of these statements or not. For each statement, please indicate whether it applies to you by selecting ""Yes"" or ""No"" in the columns on the right. - Do you stop to think things over before doing anything?","The questions below are about different experiences and personality traits that people can have. 
Like everyone else, you might identify with some of these statements or not. For each statement, please indicate whether it applies to you by selecting ""Yes"" or ""No"" in the columns on the right. - Do you often overindulge in alcohol or food?","The questions below are about different experiences and personality traits that people can have. 
Like everyone else, you might identify with some of these statements or not. For each statement, please indicate whether it applies to you by selecting ""Yes"" or ""No"" in the columns on the right. - Do you ever have the urge to break or smash things?","The questions below are about different experiences and personality traits that people can have. 
Like everyone else, you might identify with some of these statements or not. For each statement, please indicate whether it applies to you by selecting ""Yes"" or ""No"" in the columns on the right. - Have you ever felt the urge to injure yourself?","The questions below are about different experiences and personality traits that people can have. 
Like everyone else, you might identify with some of these statements or not. For each statement, please indicate whether it applies to you by selecting ""Yes"" or ""No"" in the columns on the right. - Do you often feel like doing the opposite of what other people suggest even though you know they are right?"
"{""ImportId"":""startDate"",""timeZone"":""Asia/Calcutta""}","{""ImportId"":""endDate"",""timeZone"":""Asia/Calcutta""}","{""ImportId"":""status""}","{""ImportId"":""ipAddress""}","{""ImportId"":""progress""}","{""ImportId"":""duration""}","{""ImportId"":""finished""}","{""ImportId"":""recordedDate"",""timeZone"":""Asia/Calcutta""}","{""ImportId"":""_recordId""}","{""ImportId"":""recipientLastName""}","{""ImportId"":""recipientFirstName""}","{""ImportId"":""recipientEmail""}","{""ImportId"":""externalDataReference""}","{""ImportId"":""locationLatitude""}","{""ImportId"":""locationLongitude""}","{""ImportId"":""distributionChannel""}","{""ImportId"":""userLanguage""}","{""ImportId"":""QID4_TEXT""}","{""ImportId"":""QID2_1""}","{""ImportId"":""QID2_2""}","{""ImportId"":""QID2_3""}","{""ImportId"":""QID2_4""}","{""ImportId"":""QID2_5""}","{""ImportId"":""QID2_6""}","{""ImportId"":""QID2_7""}","{""ImportId"":""QID2_8""}","{""ImportId"":""QID2_9""}","{""ImportId"":""QID2_10""}","{""ImportId"":""QID2_11""}","{""ImportId"":""QID2_12""}","{""ImportId"":""QID2_13""}","{""ImportId"":""QID2_14""}","{""ImportId"":""QID2_15""}","{""ImportId"":""QID2_16""}","{""ImportId"":""QID2_17""}","{""ImportId"":""QID2_18""}","{""ImportId"":""QID2_19""}","{""ImportId"":""QID2_20""}","{""ImportId"":""QID2_21""}","{""ImportId"":""QID2_22""}","{""ImportId"":""QID2_23""}","{""ImportId"":""QID2_24""}","{""ImportId"":""QID2_25""}","{""ImportId"":""QID2_26""}","{""ImportId"":""QID2_27""}","{""ImportId"":""QID2_28""}","{""ImportId"":""QID2_29""}","{""ImportId"":""QID2_30""}","{""ImportId"":""QID2_31""}","{""ImportId"":""QID2_32""}","{""ImportId"":""QID2_33""}","{""ImportId"":""QID2_34""}","{""ImportId"":""QID2_35""}","{""ImportId"":""QID2_36""}","{""ImportId"":""QID2_37""}","{""ImportId"":""QID2_38""}","{""ImportId"":""QID2_39""}","{""ImportId"":""QID2_40""}","{""ImportId"":""QID2_41""}","{""ImportId"":""QID2_42""}","{""ImportId"":""QID2_43""}"
2024-04-05 03:09:53,2024-04-05 03:11:13,1,,100,80,1,2024-04-05 03:11:15,R_43VsSzvpybxzDCS,,,,,26.4969,80.3246,preview,EN-GB,g,1,1,2,1,1,1,2,1,1,2,2,1,1,2,2,1,1,1,1,1,1,1,1,1,1,1,1,1,1,1,1,1,1,1,1,1,1,1,2,2,2,2,2
2024-04-05 03:17:55,2024-04-05 03:19:17,0,14.139.38.167,100,81,1,2024-04-05 03:19:18,R_4tFJaos6y5HIL1O,,,,,26.4969,80.3246,anonymous,EN-GB,gjgj,1,2,1,2,2,2,1,2,1,2,1,2,1,2,1,2,1,2,1,1,2,1,2,1,2,1,1,2,1,1,2,1,2,1,2,2,1,1,2,1,2,1,2
2024-04-05 22:44:43,2024-04-05 22:55:39,0,14.139.38.199,100,655,1,2024-04-05 22:55:39,R_4PMg6Hf1yFoJOn2,,,,,26.4969,80.3246,anonymous,EN-GB,,2,2,2,2,2,2,1,2,1,2,2,1,1,1,1,2,1,1,1,1,1,1,2,2,1,1,1,1,1,2,1,2,1,1,1,2,1,2,1,1,1,2,1
2024-04-06 00:11:29,2024-04-06 00:19:07,0,202.3.77.204,100,457,1,2024-04-06 00:19:07,R_4mSUeJm5ZmjG7Dj,,,,,26.4969,80.3246,anonymous,EN-GB,jyoti1,1,2,2,2,2,2,2,2,1,1,1,2,2,1,1,2,1,1,2,1,2,1,2,2,2,1,1,1,2,1,1,2,2,1,2,2,2,2,2,2,2,2,2
2024-04-09 23:18:04,2024-04-10 00:07:39,0,202.3.77.208,100,2974,1,2024-04-10 00:07:40,R_473F5qdfLJCsOaJ,,,,,26.4969,80.3246,anonymous,EN-GB,D01,1,2,1,2,1,1,1,1,1,1,2,1,1,1,1,1,2,1,1,1,1,1,1,2,2,1,2,1,2,2,1,2,2,2,2,1,1,1,1,2,1,2,2
2024-04-10 16:11:48,2024-04-10 16:33:00,0,14.139.38.194,100,1271,1,2024-04-10 16:33:01,R_4cnrJBan9N5KvMj,,,,,26.4969,80.3246,anonymous,EN-GB,D02,2,2,2,2,2,2,1,1,1,2,2,2,2,2,2,1,2,2,2,1,2,1,2,2,1,1,1,1,1,2,1,2,1,1,2,2,1,2,2,2,2,2,2
2024-04-10 16:39:57,2024-04-10 16:46:27,0,14.139.38.194,100,390,1,2024-04-10 16:46:28,R_4OqbVfIIGXrIPZo,,,,,26.4969,80.3246,anonymous,EN-GB,D03,1,1,2,1,1,1,1,2,1,2,1,2,1,1,1,1,1,1,1,1,1,1,1,2,1,1,1,1,1,2,1,2,1,1,2,1,1,1,1,1,1,2,1
2024-04-10 16:47:05,2024-04-10 16:52:33,0,14.139.38.194,100,328,1,2024-04-10 16:52:34,R_41nKCECnsjfN2Ct,,,,,26.4969,80.3246,anonymous,EN-GB,D04,2,2,2,2,2,1,1,2,2,2,2,1,1,2,2,1,2,2,2,2,2,2,1,2,2,1,1,1,2,2,1,2,2,1,2,1,1,2,2,2,2,2,2
2024-04-10 16:53:55,2024-04-10 17:23:22,0,14.139.38.194,100,1767,1,2024-04-10 17:23:23,R_4pPpLpIOqjlyzgl,,,,,26.4969,80.3246,anonymous,EN-GB,d05,1,2,1,1,2,1,1,1,1,2,1,1,2,1,1,2,1,1,1,1,1,1,2,2,2,1,2,1,1,2,2,2,1,1,2,1,1,1,1,1,1,2,1
2024-04-10 17:28:39,2024-04-10 17:47:14,0,14.139.38.194,100,1114,1,2024-04-10 17:47:14,R_4KTxvdh8kJyLNyP,,,,,26.4969,80.3246,anonymous,EN-GB,D06,1,1,1,1,2,1,1,2,1,2,1,2,1,1,1,1,1,1,2,2,1,1,1,1,1,1,1,2,2,2,1,1,1,1,2,1,1,2,1,2,2,2,2
2024-04-10 16:39:45,2024-04-10 18:05:11,0,14.139.38.194,100,5126,1,2024-04-10 18:05:12,R_4rYZLmkDSFmTvCA,,,,,26.4969,80.3246,anonymous,EN-GB,D07,2,1,2,2,2,1,1,1,1,2,1,2,1,2,2,1,1,1,2,1,2,2,2,1,1,2,1,1,2,2,1,1,1,1,2,2,1,2,1,2,1,2,2
2024-04-10 18:01:17,2024-04-10 18:12:23,0,202.3.77.168,100,665,1,2024-04-10 18:12:23,R_4FeJirW4x3w8KOd,,,,,26.4969,80.3246,anonymous,EN-GB,D09,2,2,1,2,1,2,1,1,1,2,2,1,2,2,2,2,1,2,2,2,2,2,2,1,1,2,1,2,1,2,1,1,2,1,2,2,1,2,2,2,2,2,2
2024-04-10 18:09:41,2024-04-10 18:32:52,0,14.139.38.194,100,1391,1,2024-04-10 18:32:53,R_4QETh4y3D7NEkrx,,,,,26.4969,80.3246,anonymous,EN-GB,D08,1,1,2,2,1,1,1,1,2,2,1,2,2,1,1,1,1,1,2,1,2,1,2,2,1,1,2,2,2,1,1,1,2,2,2,1,2,1,1,1,1,2,1
2024-04-10 19:00:22,2024-04-10 19:09:59,0,14.139.38.194,100,576,1,2024-04-10 19:09:59,R_4HTVdgDHDqPIVEO,,,,,26.4969,80.3246,anonymous,EN-GB,D10,1,1,2,2,2,2,2,2,1,2,1,2,1,1,1,2,1,1,1,1,1,2,2,1,2,1,1,2,1,2,2,2,1,1,2,2,1,2,1,2,2,2,2
2024-04-10 19:10:24,2024-04-10 19:16:14,0,14.139.38.194,100,349,1,2024-04-10 19:16:14,R_4IvWZYa44Hf9HDr,,,,,26.4969,80.3246,anonymous,EN-GB,D13,1,2,1,2,1,2,1,2,1,2,2,2,1,1,1,1,1,1,1,1,1,1,2,2,2,2,1,1,2,1,2,2,2,1,2,2,2,2,2,2,1,2,1
2024-04-10 19:10:34,2024-04-10 19:37:12,0,202.3.77.168,100,1597,1,2024-04-10 19:37:12,R_4EYBNQs5j4vnQ9Z,,,,,26.4969,80.3246,anonymous,EN-GB,D11,2,1,1,2,2,2,1,1,1,2,1,1,1,2,1,2,1,1,2,1,1,1,1,1,2,1,2,2,2,2,1,2,2,1,2,2,2,2,1,2,1,1,1
2024-04-10 19:24:50,2024-04-10 19:38:52,0,14.139.38.194,100,841,1,2024-04-10 19:38:53,R_4ffXkVAIS9RqZUt,,,,,26.4969,80.3246,anonymous,EN-GB,D12,2,2,2,1,2,2,1,2,1,2,1,2,2,1,1,1,2,1,2,1,2,2,2,2,1,1,1,2,1,2,1,1,1,1,2,2,1,1,1,2,2,1,2
2024-04-10 19:43:20,2024-04-10 20:14:47,0,14.139.38.194,100,1887,1,2024-04-10 20:14:47,R_4hX6khjOfpjpWZP,,,,,26.4969,80.3246,anonymous,EN-GB,D14,1,2,2,2,2,2,1,1,1,2,2,1,1,2,2,1,2,2,2,1,2,1,1,2,2,1,2,1,1,2,2,2,2,2,2,1,1,2,2,2,1,2,2
2024-04-10 20:26:29,2024-04-10 20:30:25,0,202.3.77.168,100,236,1,2024-04-10 20:30:26,R_49SRrXcw0AFADF7,,,,,26.4969,80.3246,anonymous,EN-GB,D15,2,1,2,1,1,1,1,2,1,2,1,2,1,2,1,2,1,2,2,1,1,1,2,2,1,1,1,1,2,1,2,1,2,1,2,2,1,2,2,2,2,2,2
2024-04-10 20:42:07,2024-04-10 20:50:09,0,202.3.77.168,100,481,1,2024-04-10 20:50:10,R_4esECK43MHwWy1l,,,,,26.4969,80.3246,anonymous,EN-GB,D18,2,2,2,1,2,2,1,2,1,2,1,2,2,2,1,1,2,2,2,2,2,1,1,2,2,1,2,1,2,1,2,1,2,1,2,2,2,1,1,2,1,1,2
2024-04-10 20:50:22,2024-04-10 20:54:34,0,202.3.77.168,100,251,1,2024-04-10 20:54:34,R_4FQW5CdbqfRsRgZ,,,,,26.4969,80.3246,anonymous,EN-GB,D16,2,2,2,1,2,1,1,1,1,2,1,1,1,1,1,2,1,1,1,1,1,1,1,1,2,1,1,1,2,1,1,2,2,1,2,1,2,2,1,1,2,2,2
2024-04-10 20:15:53,2024-04-10 21:08:37,0,14.139.38.194,100,3163,1,2024-04-10 21:08:38,R_43lQaGtwfR3EKGT,,,,,26.4969,80.3246,anonymous,EN-GB,D17,2,1,2,2,2,1,1,2,1,1,1,1,1,1,2,1,1,1,1,1,1,1,1,1,1,1,1,2,2,1,1,1,1,1,2,1,1,1,1,2,1,2,1
2024-04-10 21:05:26,2024-04-10 21:15:37,0,202.3.77.168,100,611,1,2024-04-10 21:15:38,R_4PtjcXuVRMTAxjT,,,,,26.4969,80.3246,anonymous,EN-GB,D20,2,2,1,2,1,2,1,1,2,2,2,2,2,1,2,2,2,2,2,2,2,1,1,2,2,1,1,1,2,1,1,2,2,2,2,2,1,2,1,2,2,2,2
2024-04-10 21:34:25,2024-04-10 21:40:02,0,14.139.38.199,100,337,1,2024-04-10 21:40:03,R_4MC5XQeNVBNgTJf,,,,,26.4969,80.3246,anonymous,EN-GB,D19,2,2,1,2,2,2,1,1,2,2,2,2,1,2,1,2,1,2,2,2,2,2,2,1,2,1,1,1,2,1,1,2,2,2,2,2,2,2,2,2,2,2,2
2024-04-10 23:09:04,2024-04-10 23:13:43,0,202.3.77.167,100,278,1,2024-04-10 23:13:43,R_4jADPlxCsTZ1ygl,,,,,26.4969,80.3246,anonymous,EN-GB,D21,1,1,2,1,2,2,1,2,1,2,2,2,1,1,1,1,1,1,1,1,1,1,1,1,1,2,2,2,2,2,1,1,2,2,2,1,2,1,2,1,1,1,1
